,Sequence,Fitness
0,A,1.70406036
1,C,0.32788095
2,D,0.79588575
3,E,0.5333638
4,F,-0.18089174
5,G,0.61660484
